name,handle,description,followers_count,friends_count,listed_count,favourites_count,created_at,features,firstdate,lastdate,totalreplies,totallikes,totalretweets,mentions,totalengagementrate,ratiod,type,reach,colourval
ben goldacre,bengoldacre,"Doctor, nerd cheerleader, Bad Science person, stats geek, procrastinator. I run https://t.co/0JWfxEVIE9 at @uniofoxford making tools+papers from data ben@badscience.net",482527,3053,8051,2792,Sat Jun 09 23:51:43 +0000 2007,20,15/02/2020,13/01/2020,670,9717,3096,1,0.027942478,10.97882537,other,493526.3568,
martha lane fox,Marthalanefox,Founder @doteveryone Chancellor of @openuniversity + cross bench peer @ukhouseoflords Board @twitter @chanel @queenscomtrust,139454,2793,2627,14302,Sat Feb 28 08:14:31 +0000 2009,30,13/02/2020,26/11/2019,474,1860,237,0,0.018436187,3.014968782,other,140296.005,
emily bell,emilybell,"Prof at Columbia J School. Director - Tow Center for Digital Journalism, Columbia Journalism School. Writes for : @CJR @Guardian also co-host @trickypodcast",76401,8156,3743,29053,Mon Mar 19 10:52:19 +0000 2007,31,14/02/2020,11/02/2020,237,1994,647,15,0.037669664,2.59131637,other,78699.63819,
LSE British Politics,LSEpoliticsblog,Experts analyse and debate recent developments across UK government. Editors: @artemisq & @alicecpark,70248,9002,1678,148,Wed May 19 13:14:50 +0000 2010,24,14/02/2020,12/12/2019,68,884,741,0,0.02410033,1.064010529,other,72880.59799,
Tom Fletcher,TFletcher,"Ex UK Ambassador, No 10. The Foundation for Opportunity helps good people doing good things in public life. Principal-Elect, Hertford College, Oxford Uni.",64967,1804,583,4375,Tue Aug 23 09:53:29 +0000 2011,24,15/02/2020,14/10/2019,311,4327,688,0,0.081980082,7.583041191,other,67411.30151,
Jonathan Portes,jdportes,"Professor of Economics, King's College London; Senior Fellow, UK in a Changing Europe.  Personal views only; usual disclaimers apply.",60077,813,1449,150,Wed Feb 02 20:43:16 +0000 2011,49,13/02/2020,31/01/2020,373,3348,1135,12,0.080829602,5.329790517,other,64109.38693,
David Schneider,davidschneider,"Actor, writer, director, fool. Less ranty version at https://t.co/BYepJwQHP7‚Ä¶",437275,1570,4427,14094,Wed Feb 04 21:47:34 +0000 2009,27,14/02/2020,24/01/2020,27602,659169,180405,8,1.98313647,25.97583626,other,1078211.357,
Matt Forde,mattforde,"Comedian, host of The Political Party, @RnRFootball and @RRD1865. Hopelessly obsessed #NFFC fan. Sign up to the mailing list: https://t.co/iwnLAuNCrW",60763,8471,448,19249,Sun Mar 08 12:55:51 +0000 2009,35,15/02/2020,28/01/2020,628,6773,1226,11,0.141977848,2.3151443,other,65118.68844,
Foreign Office üá¨üáß,foreignoffice,"We work on world affairs for the UK Government and lead on promoting & protecting British people, prosperity & influence",937204,2912,6138,4167,Thu Apr 10 17:21:52 +0000 2008,49,14/02/2020,09/11/2019,7155,63402,37381,21,0.11517023,13.83456306,gov,1070009.864,
DfE,educationgovuk,"Official Twitter account for the Department for Education, covering education, children‚Äôs services, HE & FE, apprenticeships, skills in England.",344263,2728,3179,1893,Wed May 12 12:22:56 +0000 2010,23,15/02/2020,30/10/2019,958,10869,6328,28,0.052735844,8.954751438,gov,366744.8894,
Bank of England,bankofengland,"As the UK's central bank we work to ensure low inflation, trust in banknotes and a stable financial system. Follow our Museum account @boemuseum",291256,1474,3758,4,Tue Jan 13 14:06:59 +0000 2009,25,14/02/2020,27/09/2019,481,4670,3085,10,0.028277529,6.531971593,gov,302216.2764,
House of Lords,UKHouseofLords,News & information from the UK Parliament‚Äôs second chamber. Produced by its staff to show how the Lords checks and challenges the UK government.,284710,1145,1930,0,Fri Aug 05 09:38:33 +0000 2011,35,14/02/2020,21/01/2020,322,1580,769,0,0.009381476,4.016457286,gov,287442.0754,
Office for National Statistics,ONS,The UK's largest independent producer of official statistics and the recognised national statistical institute of the UK. Contact info https://t.co/kGxjF7A9PN,276271,998,2128,2832,Wed Nov 24 12:16:24 +0000 2010,37,14/02/2020,20/12/2019,267,1665,1705,0,0.01316461,4.241575482,gov,282328.4623,
DWP Press Office,dwppressoffice,Official Twitter channel of the Department for Work and Pensions Press Office. We cannot reply to individual benefit queries on Twitter. https://t.co/GZWhltZjyn,228634,773,770,84,Fri Sep 30 07:05:24 +0000 2011,27,12/02/2020,23/07/2019,5619,5827,2970,0,0.063052739,2.431628545,gov,239185.7085,
CPS,cpsuk,The Crown Prosecution Service is responsible for criminal prosecutions in England & Wales. How we use Twitter: https://t.co/6rGItCcMet,232783,869,899,303,Wed Oct 07 14:23:15 +0000 2009,17,14/02/2020,18/12/2019,696,3649,1605,5,0.025560286,2.613256165,gov,238485.1859,
DCMS,DCMS,"UK Government Department for Digital, Culture, Media and Sport (DCMS). Blog: https://t.co/FuaY8JibQR Facebook: https://t.co/jsRMgvChpO",223873,1321,1902,4633,Mon Dec 29 12:57:08 +0000 2008,24,14/02/2020,05/11/2019,506,5490,2395,0,0.037481072,8.229274985,gov,232381.8693,
London Fire Brigade,LondonFire,London Fire Brigade's official Twitter feed with all the latest news and live updates. Don't report incidents here.,217861,1723,1760,3611,Fri Aug 20 13:20:57 +0000 2010,18,15/02/2020,05/02/2020,159,5342,1072,0,0.030170613,10.61541836,gov,221669.5628,
No.10 Press Office,Number10press,Official Twitter channel for the UK Prime Minister's press office.,149929,500,1404,44,Tue Nov 29 10:45:17 +0000 2011,62,03/09/2016,02/03/2016,1286,2861,3209,0,0.049063223,2.880979716,gov,161329.8191,
BBC Parliament,BBCParliament,BBC Parliament: Pure politics. Freeview Channel 232,56924,1942,1095,361,Wed Sep 23 12:51:09 +0000 2009,29,14/02/2020,15/10/2019,2114,6156,2182,0,0.183613239,4.704745995,gov,64676.13065,
Leave.EU,LeaveEUOfficial,Ensuring the will of the British people is respected following our historic vote to leave the European Union | üôã‚Äç‚ôÇÔ∏è Support us: https://t.co/TgVkwKplTz,284437,745,1299,2107,Mon Jul 06 08:21:07 +0000 2015,35,15/02/2020,04/01/2020,39433,480101,155484,0,2.373172267,15.63127561,issue,836834.9296,
Momentum,PeoplesMomentum,"Momentum is a people-powered movement. We aim to transform the Labour Party, our communities & Britain in the interests of the many. Join us https://t.co/yFw1XBZGkK",156701,5144,1053,6786,Wed Sep 23 17:09:28 +0000 2015,45,15/02/2020,03/12/2019,15336,141316,77487,0,1.494176808,15.30097778,issue,431994.0101,
People's Vote UK,peoplesvote_uk,"Let us have a final say referendum where we trust the people, not Boris Johnson, to solve the Brexit crisis. #PeoplesVote",152046,1318,758,3894,Mon Sep 07 08:11:46 +0000 2015,38,30/01/2020,06/12/2019,6437,49852,30181,46,0.56870947,18.07551173,issue,259271.9648,
Vote Leave,vote_leave,Vote Leave - campaign for a 'leave' vote in EU referendum. End supremacy of EU law. Take control. Invest in NHS & science. The safer choice.,62505,454,452,628,Fri Sep 18 10:47:15 +0000 2015,34,23/06/2016,21/06/2016,4242,47161,51928,0,1.653163747,18.23266834,issue,246992.9196,
Tony Blair Institute,InstituteGC,"The Tony Blair Institute for Global Change is a not-for-profit organisation dedicated to making globalisation work for the many, not the few.",213566,712,2186,1188,Mon Jun 07 12:47:20 +0000 2010,55,14/02/2020,18/12/2019,2059,13984,4586,0,0.096593091,8.995281,issue,229858.9749,
People's Vote HQ,peoplesvote_hq,"Let us have a final say referendum where we trust the people, not Boris Johnson, to solve the Brexit crisis. #PeoplesVote",97401,664,920,1,Tue Jun 23 17:40:00 +0000 2015,38,03/10/2019,12/12/2018,1437,9476,5002,0,0.16339668,10.05152635,issue,115171.9246,
CBI,CBItweets,"Follow to be the first to get business thinking, economic data & policy reaction from the voice of UK enterprise.  
Director General - @CBICarolyn",100765,2600,1281,1918,Thu May 14 14:59:38 +0000 2009,22,14/02/2020,18/11/2019,279,1293,809,0,0.023629236,2.141441483,issue,103639.1859,
IPPR,IPPR,"IPPR, the Institute for Public Policy Research, is the UK‚Äôs leading progressive think tank | Home of the Centre for Economic Justice",81591,4061,1769,1876,Tue Feb 03 15:18:15 +0000 2009,36,14/02/2020,18/11/2019,105,1749,1146,0,0.036768761,2.582962431,issue,85662.46734,
Electoral Reform Society,electoralreform,The Electoral Reform Society is an independent campaigning organisation working to build a better democracy. Sign up for updates: https://t.co/wgd9QJpDzd,53690,1055,713,2629,Mon Jun 16 14:02:21 +0000 2008,18,13/02/2020,19/01/2020,329,9679,4161,4,0.263903893,13.71014229,issue,68473.05025,
The Fabian Society,thefabians,The UK‚Äôs original left-wing thinktank & membership network. The future of the left since 1884. RT's not endorsements.,52018,3784,1183,1170,Wed Jan 07 13:32:50 +0000 2009,29,15/02/2020,29/10/2019,201,2000,1161,18,0.064631474,3.646750848,issue,56142.75879,
Institute for Gov,instituteforgov,The leading think tank working to make government more effective.,50519,645,1185,2750,Wed Apr 28 15:15:57 +0000 2010,46,15/02/2020,31/01/2020,100,547,474,7,0.022189671,0.789148122,issue,52203.01005,
Brendan Cox,MrBrendanCox,"Dad, campaigner and boat dweller #MoreInCommon",82759,1470,461,4824,Thu Apr 15 18:12:59 +0000 2010,27,14/02/2020,12/12/2019,4033,112028,10651,0,1.531096316,18.15366826,issue,120599.4874,
Kezia Dugdale,kezdugdale,Director of the John Smith Centre for Politics & Public Service | Promoting healthy politics/civilised disagreement | Board member @sistemascotland,85936,4846,668,8017,Mon Feb 02 21:37:14 +0000 2009,27,11/02/2020,26/10/2019,3105,22646,2262,3,0.325975144,7.078359707,issue,93972.35176,
Nicholas Watt,nicholaswatt,Political Editor BBC Newsnight,66376,2492,1324,145,Mon Mar 30 18:14:55 +0000 2009,76,15/02/2020,24/10/2019,3445,15327,5766,20,0.369681813,4.501313561,jouno,86861.23618,
(((Zoe Williams))),zoesqwilliams,"Writer, bon viveur",69924,1815,962,3692,Fri Sep 09 08:48:22 +0000 2011,26,15/02/2020,16/01/2020,1592,2831,388,20,0.068803272,3.434648919,jouno,71302.47236,
Piers Morgan,piersmorgan,"'One day you're cock of the walk, the next a feather duster‚Äô - Margot Barber.",7104359,1811,19227,7,Tue Nov 16 09:37:44 +0000 2010,36,15/02/2020,03/02/2020,57871,514492,56562,60,0.088526636,11.02696644,journo,7305310.427,
Jon Snow,jonsnowC4,"Anchor, @Channel4News: hungry for info. Interests:development/homelessness,/the abroad/people/politics/art./life!",1388450,540,7356,58,Wed Mar 31 13:21:25 +0000 2010,58,14/02/2020,12/06/2019,22764,370747,99966,0,0.355415751,18.80503915,journo,1743605.588,
richard bacon,richardpbacon,Views expressed here are the BBC's. Not my own. I live in LA. Instagram@Richardpbacon,1302090,1833,3782,1332,Thu Jan 08 14:28:21 +0000 2009,22,13/02/2020,22/11/2019,2090,25674,2736,17,0.02342388,8.400014204,journo,1311810.362,
Andrew Neil,afneil,"Chairman @Spectator, @spectatorUSA, @Spectator Australia, @Apollo_Magazine, BBC presenter #politicslive @bbcthisweek Tweets reflect my analysis and mine alone.",1012048,367,4974,107,Thu Apr 22 19:41:25 +0000 2010,74,14/02/2020,27/12/2019,41918,331407,63144,54,0.431273023,8.841197336,journo,1236383.719,
Laura Kuenssberg,bbclaurak,"I know it's fashionable, but even in 2019 there is nothing big or clever about shooting the messenger - tweets or retweets here aren't necessarily my view",1138342,1573,8753,106,Wed Jul 29 12:34:03 +0000 2009,79,14/02/2020,13/12/2019,47370,113611,22632,71,0.161298626,3.214363947,journo,1218748.151,
Owen Jonesüåπ,OwenJones84,"Socialist, antifascist, Guardian columnist, author, losing my Northern accent every passing day. Sad. Got a story/injustice? DMs open in strict confidenceüè≥Ô∏è‚Äçüåà",951103,5479,7311,6021,Wed Aug 12 14:09:35 +0000 2009,45,15/02/2020,23/01/2020,13363,176170,26664,0,0.227311868,12.47273547,journo,1045833.894,
Nick Robinson,bbcnickrobinson,"Presenter, Today & Political Thinking, BBC Radio 4. Former BBC/ITV Political Editor. Author, Election Notebook & Live from Downing Street",964157,506,5995,1153,Mon Mar 23 11:20:34 +0000 2009,74,13/02/2020,03/11/2019,29964,83098,19819,25,0.137820915,5.307479567,journo,1034569.226,
Carole Cadwalladr,carolecadwalla,Late adopter. Late giver-upper. Guardian & Observer writer.,455147,3260,3510,7917,Sat Jul 28 14:06:01 +0000 2012,37,15/02/2020,03/01/2020,18933,552697,161685,5,1.61116079,46.14766905,journo,1029575.618,
Eamonn Holmes,EamonnHolmes,"TV Presenter & Radio host Listen to me on @talkRADIO | Mon - Thu | 4-7PM 

Eamonn and The Gaffers Podcast Available now!
Click the link below:",997168,8763,2299,24008,Mon Oct 12 14:40:26 +0000 2009,20,14/02/2020,28/12/2019,5641,132353,2700,0,0.141093577,9.833600318,journo,1006760.462,
Mehdi Hasan,mehdirhasan,"Columnist, The Intercept. Host, Deconstructed podcast. Presenter, Al Jazeera English TV shows (UpFront & Head to Head). A Brit now based in DC.",804197,2642,6269,2064,Wed Apr 07 16:57:33 +0000 2010,51,15/02/2020,08/02/2020,9538,171438,36793,9,0.270790615,17.07456892,journo,934913.8392,
Krishnan Guru-Murthy,krishgm,Anchor Channel 4 News and Unreported World and the Ways to Change the World podcast on spotify and itunes. email krishnan@channel4.com,578805,4634,3822,648,Thu Oct 30 09:13:06 +0000 2008,56,13/02/2020,18/11/2019,16432,266529,78721,13,0.624877118,13.42583097,journo,858482.1206,
James O'Brien,mrjamesob,Podcast: https://t.co/QDF7VzT01q Book: https://t.co/erVrp6lUdz Radio: https://t.co/j6kHODg5Vo,577563,2643,2791,43170,Sun Jun 06 14:46:00 +0000 2010,41,15/02/2020,30/01/2020,20944,413792,74737,31,0.882108099,19.05994996,journo,843085.9095,
Jeremy Vine,theJeremyVine,"Thick as thieves us, we stick together for all time.",719156,10789,2089,29914,Fri Jul 08 15:01:21 +0000 2011,39,15/02/2020,05/02/2020,12780,26069,4000,0,0.059582344,3.476713285,journo,733367.0553,
Robert Harris,Robert___Harris,"Writer. Fatherland, Enigma, Archangel, Pompeii, Imperium, The Ghost, Lustrum, The Fear Index, An Officer & A Spy, Dictator, Conclave, Munich, The Second Sleep",72558,624,569,2852,Fri Aug 14 12:18:06 +0000 2015,34,21/01/2020,20/10/2018,21038,605370,176520,0,11.06601615,22.61713314,journo,699691.8693,
Susanna Reid,susannareid100,"Presenter, journalist, columnist. ‚ÄúLiberal snowflake TV clothes horse‚Äù #GoodMorningBritain @gmb gmb@itv.com @dailymailuk
Honorary Patron @palaceforlife",642401,9173,1765,50173,Sun Jan 25 04:24:07 +0000 2009,33,15/02/2020,07/10/2019,19846,199175,8724,8,0.354521553,11.61957843,journo,673395.3116,
Paul Mason,paulmasonnews,"Journalist, film-maker & author.",626658,3730,6152,40384,Sat Jan 31 10:31:39 +0000 2009,53,14/02/2020,05/01/2020,10312,35630,8231,15,0.086447472,5.255004949,journo,655900.799,
Gavin Esler,gavinesler,Writer. Chancellor UniKent. CONTACT: lfennimore@noelgay.com; literary agent David Higham Ltd. New Book  ‚ÄúBrexit Without The Bullshit‚Äù  https://t.co/tXh4Fk8iqm,77828,2011,750,18718,Tue Aug 03 15:45:18 +0000 2010,24,15/02/2020,05/11/2019,14464,290188,105604,0,5.271316236,28.56081348,journo,453014.0704,
Andrew Rawnsley,andrewrawnsley,"The Observer's award-winning Chief Political Commentator, critically-acclaimed broadcaster and author of Number One best-seller, The End of the Party.",408480,324,2177,6,Tue Sep 29 22:24:37 +0000 2009,67,09/02/2020,22/07/2018,3451,31372,9410,1,0.108286819,8.408045311,journo,441911.5075,
Jamie Ross,JamieRoss7,Journalist for @thedailybeast. Send all tips and abuse to jamie.ross@thedailybeast.com.,251117,1299,1018,17580,Mon Feb 02 19:45:56 +0000 2009,36,08/08/2019,14/05/2018,3894,204416,48349,0,1.022069394,29.14781912,journo,422889.5779,
Daniel Finkelstein,Dannythefink,"Times columnist, Conservative member of the House of Lords and father of three.",395353,1528,1869,1735,Sun Jul 12 19:29:27 +0000 2009,73,15/02/2020,24/01/2020,453,7640,538,0,0.021831123,4.647041956,journo,397264.3869,
Ian Dunt,IanDunt,"Jumped-up baldy. Editor of https://t.co/wOraaKxK8o. Host on @RemainiacsCast. Author of Brexit: What The Hell Happens Now? New book, How To Be A Liberal, comes out 2020.",262676,3806,3172,63930,Wed Feb 18 14:58:28 +0000 2009,42,15/02/2020,29/01/2020,8036,179025,35599,0,0.847660235,17.0932842,journo,389150.8392,
Marina Hyde,MarinaHyde,Guardian columnist,303516,2278,2395,16858,Tue May 31 09:27:50 +0000 2011,46,15/02/2020,14/12/2019,3700,48960,9865,0,0.206002319,9.435366721,journo,338564.0151,
Julia Hartley-Brewer,JuliaHB1,"@talkRADIO Breakfast Show presenter 6.30am-10am Mon-Fri. Journalist, broadcaster, after-dinner speaker, awards host. Preferred pronoun: she/her imperial majesty",203889,328,1429,22412,Mon Jan 09 16:23:03 +0000 2012,42,14/02/2020,06/02/2020,20510,178564,29584,0,1.121482768,9.554883004,journo,308993.9648,
Isabel Oakeshott,IsabelOakeshott,Political Journalist and Commentator. Scoop getter and feather ruffler.,147626,928,1378,2055,Thu Dec 15 21:31:17 +0000 2011,65,12/02/2020,30/09/2019,28991,185688,40218,0,1.726640294,5.880904018,journo,290511.0553,
Chris Williamson #GTTO,DerbyChrisW,"Former MP for Derby North | Former Derby Council Leader | Vegan | Interested in democracy, foreign affairs, local govt + more",66028,3810,730,6061,Mon Jun 22 16:39:04 +0000 2009,21,15/02/2020,29/12/2019,7083,108913,62491,0,2.703201672,18.40007198,journo,288043.7638,
Grace Dent,gracedent,BBC Radio 4 + Radio 2. BBC1 Masterchef  HUNGRY- Harper Collins. Coming September 2020.  Every Saturday in The Guardian.,260122,3608,2379,12293,Wed Jun 04 07:55:48 +0000 2008,18,15/02/2020,09/12/2019,3387,37030,4926,0,0.17431436,5.120861946,journo,277622.9146,
emily m,maitlis,"Presenter Newsnight, 22:30, Monday to Friday BBC2. BBC elections. Films with Donald Trump, Mark Zuckerberg, James Comey , Bill Clinton. Terrible typing.",215711,1325,1804,10150,Wed Feb 11 21:43:47 +0000 2009,60,14/02/2020,17/10/2019,8330,82045,16996,65,0.497753939,11.44714931,journo,276093.7739,
Fraser Nelson,FraserNelson,Editor of The Spectator. Try a month for free: https://t.co/Xj9gQF4tRo. Daily Telegraph columnist,233872,2269,2890,2988,Thu Feb 25 10:15:49 +0000 2010,79,15/02/2020,26/01/2020,4861,31011,8191,0,0.188406479,5.771872112,journo,262972.6884,
katya adler,BBCkatyaadler,BBC Europe Editor,166950,674,2239,137,Tue Oct 18 20:58:52 +0000 2011,52,05/02/2020,24/10/2019,6246,66170,24081,0,0.577999401,17.92668484,journo,252504.1055,
Raheem Kassam,RaheemKassam,Author and Co-Host of @WarRoom2020 podcast: https://t.co/mPydLuAQUa // Fellow at American Principles Project: @APProject,169642,2012,1531,23728,Sun Mar 21 19:58:27 +0000 2010,20,15/02/2020,31/01/2020,4003,70706,19673,0,0.556359864,12.54743763,journo,239535.5226,
Barry Gardiner,BarryGardiner,Proud to be elected to serve my community for the 7th time as the MP for Brent North. Shadow Secretary of State for International Trade.,87858,3902,1059,1067,Sat Jan 23 14:12:17 +0000 2010,37,15/02/2020,08/05/2019,9866,101719,41994,0,1.748036605,14.47589921,journo,237052.7638,
Afua Hirsch,afuahirsch,"Wallis Annenberg Chair of Journalism @USC. Broadcaster, @BookerPrize 2019, columnist @guardian, co-creator @sikadesigns, author Brit(ish) & Equal To Everything",117095,9655,1295,2405,Thu Feb 05 10:57:43 +0000 2009,21,13/02/2020,18/07/2019,6018,105019,33610,2,1.235296127,16.44830928,journo,236503.392,
Jon Swaine,jonswaine,Reporter for @washingtonpost investigations ‚Ä¢ jon.swaine@washpost.com ‚Ä¢ Signal: +1-646-926-0436,58948,2757,2142,15789,Sat Jan 31 15:08:33 +0000 2009,37,13/02/2020,05/04/2019,10912,94707,48808,0,2.619715682,11.68771929,journo,232351.2965,
Cathy Newman,cathynewman,I present Channel 4 News and love breaking exclusive stories and interviews. Instagram cathynewmanc4 Agent https://t.co/QGTkFbj9e2,188139,850,2291,5177,Tue Jun 16 09:15:37 +0000 2009,70,13/02/2020,18/10/2019,5676,40187,11486,11,0.304822498,7.274886396,journo,228946.0452,
Adam Boulton,adamboultonSKY,Presenter All Out Politics. Editor at Large. Sunday Times political columnist. I RT what amuses or interests me inc. criticism. RT is not an endorsement.,168177,1467,2323,256,Mon Mar 03 15:43:32 +0000 2008,72,15/02/2020,28/12/2019,10211,47143,12587,0,0.41587732,3.782862242,journo,212895.6382,
Tom Newton Dunn,tnewtondunn,"Political Editor of The Sun and #AFC season ticket holder. Views my own, on Brexit or the Gunners. DMs open, or t.newtondunn@the-sun.co.uk",145496,1297,2170,567,Wed Feb 11 15:54:25 +0000 2009,74,14/02/2020,29/12/2019,14900,48464,17356,5,0.554791884,4.859477585,journo,207157.7688,
Paul Waugh,paulwaugh,"Executive Editor, Politics, HuffPost UK. News, insight and analysis from the House of Commons. 
Presenter, BBC Radio 4's The Week In Westminster.",158813,8550,3447,2927,Fri Mar 27 11:14:29 +0000 2009,80,15/02/2020,03/02/2020,3669,26563,11666,43,0.263819712,5.967871812,journo,200259.5427,
Huw Edwards,huwbbc,Presenter BBC News at Ten üì∫ Cymro yn Llundain üè¥Û†ÅßÛ†Å¢Û†Å∑Û†Å¨Û†Å≥Û†Åø Llanelli boy and Scarlets üèâ fan. Views my own. Retweets not.,88183,4822,558,14039,Thu Dec 23 20:45:30 +0000 2010,46,14/02/2020,27/11/2018,24597,219764,30050,10,3.111835615,21.28199587,journo,194943.5528,
Jeremy Bowen,BowenBBC,BBC Middle East Editor. Instagram jeremy.bowen,180599,1939,3149,4216,Mon May 25 22:22:51 +0000 2009,39,12/02/2020,16/10/2019,1354,17366,3141,0,0.121047182,9.562043729,journo,191758.2312,
Polly Toynbee,pollytoynbee,"Polly Toynbee is a Guardian columnist, formerly BBC social affairs editor. Her latest  book, with David Walker, is Dismembered, following on from Cameron's Coup",169826,1014,2515,115,Mon Dec 13 15:27:25 +0000 2010,43,15/02/2020,19/09/2019,2331,14093,5618,8,0.129791669,7.347461102,journo,189785.4271,
Victoria Derbyshire,vicderbyshire,"Journo. 10am BBC2 Mon-Fri. RTS Presenter of Year, RTS Interview of Year, BAFTA winner. Enquiries: meryl.hoffman@curtisbrown.co.uk",105910,1429,953,10703,Tue Feb 03 10:45:42 +0000 2009,24,15/02/2020,20/01/2020,7172,122256,22292,27,1.43253706,8.593801725,journo,185108.2111,
Rory Cellan-Jones,ruskin147,The BBC's technology correspondent . This is my personal profile - if you don't like the dog etc go to @BBCRoryCJ ‚ô•Ô∏è not= ‚òÖ,180452,5775,3645,13333,Fri Mar 16 15:46:23 +0000 2007,27,15/02/2020,23/01/2020,949,7498,1052,5,0.052640037,8.110025394,journo,184189.5075,
Katharine Viner,KathViner,"Editor-in-chief, Guardian News & Media",111214,3240,2336,3826,Sat Mar 28 11:12:08 +0000 2009,55,29/01/2020,07/01/2018,4952,68880,19954,0,0.843293111,13.55974382,journo,182105.8492,
Tim Montgomerie,montie,,160782,847,2563,1386,Fri Sep 05 03:13:55 +0000 2008,72,12/02/2020,15/12/2019,6001,33501,5824,9,0.281909667,5.301132076,journo,181473.2965,
Helen Lewis,helenlewis,"Staff Writer, @theatlantic | 27 February: DIFFICULT WOMEN: A History Of Feminism in 11 Fights (Jonathan Cape) | Tweets auto-destruct.",119578,1234,1702,8790,Mon Jun 18 14:08:58 +0000 2007,48,15/02/2020,29/03/2019,3277,67089,14367,15,0.708600244,15.03771304,journo,170620.5578,
Hadley Freeman,HadleyFreeman,"Welder by day, dancer by night",162417,3266,1278,9273,Mon Jul 11 20:24:51 +0000 2011,26,15/02/2020,29/01/2020,1190,18642,1305,0,0.130140318,6.76900575,journo,167053.3568,
Angus Robertson,AngusRobertson,"Managing Director: @progressscot Advisory Council: @scotpolicyfund Formerly diplomatic affairs correspondent, broadcaster and parliamentarian.",71487,739,844,1599,Wed Apr 15 09:16:53 +0000 2009,43,15/02/2020,06/10/2019,5977,66661,26522,0,1.387105348,19.69016731,journo,165713.402,
India Knight,indiaknight,"I write columns for the Sunday Times and books for Penguin. Darling, a 21st century homage to The Pursuit of Love, out 2020.",162472,2929,2045,39727,Tue Jan 27 12:02:31 +0000 2009,26,15/02/2020,07/02/2020,480,4335,219,33,0.0309838,3.423497027,journo,163388.1716,
Emma Barnett,Emmabarnett,BBC Broadcaster & journalist: Mornings @BBC5Live #EmmaBarnettShow | Evenings @BBCNewsnight & @BBCWomansHour | Columnist @TheSundayTimes | Author: Period. ‚¨áÔ∏è,141792,10861,1911,21806,Fri Jan 16 12:33:12 +0000 2009,44,13/02/2020,03/12/2019,3437,20508,4096,0,0.19776151,5.993156485,journo,156344.1206,
Sam Coates Sky,SamCoatesSky,"Sam Coates, Deputy Political Editor, Sky News",130393,4791,2598,6045,Fri Feb 27 14:48:46 +0000 2009,78,13/02/2020,01/01/2020,5751,15525,6544,0,0.213355011,5.474691786,journo,153642.2864,
Paul Lewis,paullewismoney,"Financial journalist, broadcaster & public speaker. Seek truth, find truth, tell truth. Unequivocally for free speech and a free press. Wilkie Collins expert.",122415,1457,1605,8920,Tue Nov 30 11:42:28 +0000 2010,26,15/02/2020,04/02/2020,1630,13391,8409,3,0.191398113,6.307300845,journo,152290.191,
Tony Connelly,tconnellyRTE,"RTE Europe Editor, Author Brexit & Ireland, co-presenter Brexit Republic Podcast https://t.co/HFfuap3jND",101202,2377,1686,549,Sat May 14 20:55:07 +0000 2011,44,15/02/2020,08/01/2020,2482,39427,13461,0,0.547123575,41.73643035,journo,149025.7538,
Allister Heath,AllisterHeath,"Editor, The Sunday Telegraph",83093,1028,933,2913,Thu Jul 16 19:24:07 +0000 2009,44,13/02/2020,04/10/2018,11292,46746,18259,0,0.918212124,7.001481367,journo,147962.9146,
Jonathan Freedland,Freedland,"Columnist at the Guardian, presenter of BBC R4's The Long View. Writes thrillers under the name Sam Bourne",116870,1297,2133,9190,Thu Jun 04 09:00:22 +0000 2009,64,15/02/2020,28/11/2019,4240,29292,8598,0,0.36048601,7.408210561,journo,147416.6633,
Lewis Goodall,lewis_goodall,"Policy Editor @BBCNewsnight, I cover politics, policy and government in the UK and beyond | Author: Left for Dead. Buy here- https://t.co/0WXSfvTL3X",107424,3910,1331,10314,Thu Jul 14 13:56:30 +0000 2011,44,15/02/2020,08/02/2020,3304,37620,10952,32,0.482908847,11.56745418,journo,146333.8693,
Tim Shipman,ShippersUnbound,"Political Editor, Sunday Times. Author of All Out War (https://t.co/qNz4BLqhF5) & Fall Out (https://t.co/cuhpr2nGsd) Speaking: https://t.co/svGo7vvVQM",136921,3691,2110,4537,Thu Sep 04 18:58:17 +0000 2008,81,14/02/2020,04/01/2020,2360,14739,2613,0,0.143966229,4.930960325,journo,146204.3719,
John Crace,JohnJCrace,Parliamentary sketch writer for Guardian. https://t.co/DmmSjIRtpf Writer of Digested Read. Contributor to GQ. Author,65677,1855,631,7589,Thu May 28 09:10:30 +0000 2009,33,15/02/2020,12/01/2020,4322,103005,21547,0,1.962239445,19.49921429,journo,142228.402,
John Rentoul,JohnRentoul,"Chief Political Commentator, The Independent; visiting professor, King's College, London. Author: Heroes or Villains? The Blair Govt Reconsidered; Banned List",133562,441,2597,1641,Wed Mar 05 21:14:27 +0000 2008,68,15/02/2020,10/02/2020,879,2322,846,0,0.030300535,2.289296581,journo,136567.6382,
Nadine Dorries üá¨üáß,NadineDorries,Mum to 3 üë∏ & 2 üê∂            MP for #MidBedfordshire Health Minister @dhscgovuk Sunday Times top 10 best selling author / https://t.co/nyZOITyAaH,62858,948,1039,5496,Sat Jan 07 00:11:00 +0000 2012,48,15/02/2020,23/11/2019,9727,77864,20338,0,1.717028859,7.148326904,journo,135114.1106,
George Eaton,georgeeaton,"Assistant Editor and writer, @NewStatesman. Former Political Editor. George[at]https://t.co/Vt8yIRpvk3",92917,4885,1746,20963,Thu Feb 12 11:11:24 +0000 2009,68,03/02/2020,20/12/2019,3051,40326,10084,0,0.575362958,8.672501059,journo,128743.0704,
Mark Di Stefano,MarkDiStef,"Media & Tech reporter, Financial Times. DMs open. Ask me for my WhatsApp/Signal - mark.distefano@ft.com",113902,3725,1414,16822,Tue May 05 07:51:07 +0000 2009,38,14/02/2020,30/01/2020,993,15919,3989,0,0.183499851,9.825439873,journo,128073.9749,
Nick Sutton,suttonnick,Editor of BBC News website.,123518,1976,2411,1329,Wed Feb 25 20:01:22 +0000 2009,67,14/02/2020,27/04/2018,314,1434,655,1,0.019454654,1.38935152,journo,125845.0603,
Alex Crawford,AlexCrawfordSky,Sky News Special Correspondent. Author of Colonel Gadaffi's Hat. Facebook: Alex Crawford Sky News Instagram : alex_crawford6  email: Alex.crawford@sky.uk,103976,2594,1491,2671,Fri Oct 30 09:02:26 +0000 2009,27,14/02/2020,22/10/2019,1011,9198,6115,0,0.156997769,5.454708631,journo,125701.1508,
Alberto Nardelli,AlbertoNardelli,Europe Editor at BuzzFeed News. Ex-Guardian. Get in touch: Alberto.Nardelli@BuzzFeed.com | DMs open. Ask for WhatsApp/Signal & ProtonMail,87155,5700,2935,8401,Mon Mar 12 11:24:33 +0000 2007,48,14/02/2020,18/10/2019,1742,24952,10703,0,0.429086111,14.6631131,journo,125180.2312,
Harry Cole,MrHarryCole,Work: Deputy Political Editor for the Mail on Sunday. Play: https://t.co/5VMOj2Dj4w,96194,4471,1916,4938,Tue Jul 08 01:56:27 +0000 2008,71,15/02/2020,21/01/2020,4355,31204,6454,0,0.436752812,7.118960698,journo,119123.5377,
Jim Pickard,PickardJE,"Chief Political Correspondent, Financial Times",98036,4298,1774,48610,Wed Aug 26 20:06:27 +0000 2009,74,15/02/2020,03/02/2020,3449,24495,5756,0,0.343751275,8.795692347,journo,118485.7085,
Julia Macfarlane,juliamacfarlane,@ABC foreign affairs reporter | London Leadership Council @pressfreedom | @Forbes #30under30 alum | @staenglish alum | Views mine. üè¥Û†ÅßÛ†Å¢Û†Å≥Û†Å£Û†Å¥Û†Åøüá≤üá®,101478,1983,2045,41798,Thu Feb 05 16:06:57 +0000 2009,24,15/02/2020,26/01/2020,914,14662,3819,9,0.19112517,8.103990745,journo,115046.005,
Jon Sopel,BBCJonSopel,"Jon Sopel, BBC North America Editor",104070,903,1824,1284,Tue Apr 06 09:37:41 +0000 2010,58,15/02/2020,13/01/2020,1277,14722,2592,0,0.178639377,5.472126715,journo,113278.7638,
alex thomson,alextomo,"Chief Correspondent and Presenter, Channel 4 News.",103259,3167,2049,241,Wed Jul 01 15:29:30 +0000 2009,38,15/02/2020,15/01/2020,1161,6546,2658,9,0.100378659,5.127592286,journo,112702.2462,
Hannah Jane Parkinson,ladyhaja,writer @guardian & observer | politics | culture | media | tech | mental health | humour | LFC | üè≥Ô∏è‚Äçüåà hannah.jane.parkinson@theguardian.com,102077,5878,817,73526,Sat Apr 30 20:29:03 +0000 2011,17,15/02/2020,07/02/2020,1138,23161,2804,33,0.265515248,5.633233658,journo,112038.9497,
Janice Turner,VictoriaPeckham,"Columnist & interviewer for The Times. 
Trustee of Centre for Women's Justice https://t.co/VFeskIB4W0",59241,1474,764,21593,Wed Jul 22 15:11:05 +0000 2009,37,15/02/2020,06/12/2019,4240,68465,14554,0,1.472949478,15.65272787,journo,110947.9246,
tom bradby,tombradby,"Anchor, News at Ten.",85943,258,1074,33,Mon Jun 21 16:15:23 +0000 2010,66,15/02/2020,21/08/2019,7451,44095,6810,7,0.67900818,7.021467901,journo,110137.3216,
Lionel Barber,lionelbarber,"Writer-raconteur, formerly Editor of the Financial Times. Amateur cyclist. Tottenham Hotspur fan",81570,656,1577,5047,Fri Jan 04 14:19:42 +0000 2013,47,15/02/2020,07/12/2019,1995,22772,7617,2,0.397008704,13.93396411,journo,108631.402,
Jessica Elgot,jessicaelgot,chief political correspondent for the @guardian - currently on maternity leave üë∂üèª jessica.elgot@theguardian.com #lufc #yorkshire,63251,2696,1328,8028,Mon Sep 29 16:01:44 +0000 2008,53,10/02/2020,30/08/2019,2625,42951,12681,1,0.921044727,15.09305408,journo,108303.598,
Michael Deacon,MichaelPDeacon,"Bias 'so called' juornalist, Daily Telegraph",58238,2837,1070,6870,Mon Feb 27 22:18:58 +0000 2012,64,14/02/2020,12/12/2019,5188,68618,13761,0,1.503605893,18.09618135,journo,107127.5829,
Tom Peck,tompeck,"Political Sketch Writer and columnist at the @independent. Before that, Sports Writer and Olympics Correspondent.",64012,2002,937,12807,Mon Feb 02 00:07:51 +0000 2009,46,14/02/2020,31/01/2020,2341,52808,11650,21,1.043538711,16.65149628,journo,105401.6985,
Rafael Behr,rafaelbehr,"Political Columnist/Writer, The Guardian",82189,1072,1163,8363,Thu Jun 02 18:45:38 +0000 2011,63,12/02/2020,23/10/2019,3114,25298,5874,12,0.417160447,8.465253259,journo,103057.9347,
Kamal Ahmed,bbckamal,"Editorial Director, BBC News",92163,753,1369,365,Fri Oct 02 21:32:27 +0000 2009,42,15/02/2020,09/06/2019,1736,8485,2613,5,0.13925328,4.967572952,journo,101446.3719,
Quentin Sommerville,sommervilletv,BBC Middle East Correspondent,87378,3635,2161,30274,Sun Jul 03 09:26:05 +0000 2011,24,14/02/2020,14/01/2020,717,10481,3691,14,0.170397583,8.881813184,journo,100491.2513,
Patrick Wintour,patrickwintour,"Guardian Diplomatic Editor.  Covered UK politics for too many decades including as Political Editor.  Now urgently studying maps, history and Google Translate.",80307,1008,1622,876,Mon Mar 30 18:00:56 +0000 2009,73,15/02/2020,16/12/2019,644,10667,5265,2,0.20640791,5.824516086,journo,99012.30151,
suzanne moore,suzanne_moore,"‚ÄúLife in this society being, at best, an utter bore and no aspect of society being at all relevant to ...""",86235,1586,1075,38259,Wed Jan 28 14:48:07 +0000 2009,30,15/02/2020,11/01/2020,2672,29706,3477,18,0.415782455,10.51277898,journo,98587.9598,
James Forsyth,JGForsyth,Political editor of The Spectator and Sun columnist,77175,1785,1281,66,Tue Feb 21 17:00:46 +0000 2012,77,15/02/2020,12/12/2019,3181,25465,5965,0,0.448474247,12.93790255,journo,98367.23618,
Sophy Ridge on Sunday,RidgeOnSunday,Politics show on @SkyNews where @SophyRidgeSky interviews the biggest names as well as getting out and about around the UK. 8.30am every Sunday. #Ridge,60801,561,488,99,Fri Jan 07 17:35:51 +0000 2011,45,15/02/2020,01/12/2019,13429,22391,9364,0,0.743145672,2.252342461,journo,94069.0804,
Camilla Long,camillalong,"Sunday Times columnist, interviewer, tv critic",68794,677,648,208,Tue Feb 10 10:03:14 +0000 2009,18,14/02/2020,19/11/2019,3516,37894,6322,4,0.693839579,5.052209797,journo,91254.57286,
sophieraworth,sophieraworth,"BBC newsreader, presenter, @costabookawards judge and addicted long distance runner....also @raworthontherun (my views, not the BBC's)",87725,935,628,2763,Sat Dec 26 19:28:59 +0000 2009,23,13/02/2020,18/05/2019,1067,17316,937,11,0.220233685,7.414957855,journo,91053.9397,
Sebastian Payne,SebastianEPayne,#NAME?,71140,2570,1376,7064,Sat Jul 03 19:41:54 +0000 2010,65,15/02/2020,29/01/2020,2201,12041,5204,0,0.273348327,6.698230821,journo,89628.58291,
fleetstreetfox,fleetstreetfox,"Fleet Street hack and author. Often sarcastic, occasionally right. Fox (n) carnivore of genus vulpes; crafty person; scavenger; (vb) to confuse; to be drunk",85482,1513,1518,14,Mon Oct 26 17:36:18 +0000 2009,33,15/02/2020,31/01/2020,720,3168,857,2,0.055508762,4.003868978,journo,88526.71859,
Jane Garvey,janegarvey1,Proud to be part of @bbcwomanshour and #Fortunately podcast with @fifiglover. Bangs on about equal pay.,84858,3017,594,10892,Sat Dec 04 20:32:08 +0000 2010,30,14/02/2020,10/01/2020,759,10322,588,11,0.137512079,5.598615912,journo,86947.02513,
Iain Martin,iainmartin1,"Columnist for The Times, editor of Reaction, commentator/hack/author. Sign up to weekly subscriber newsletter via link below",74211,2715,1367,13943,Mon Feb 01 15:00:58 +0000 2010,68,15/02/2020,05/02/2020,1867,15846,3422,20,0.284796054,2.907138566,journo,86368.55779,
Aditya Chakrabortty,chakrabortty,I am gainfully employed by a newspaper. Future generations will not be able to say that.,73979,5595,1136,18936,Thu Mar 26 13:06:08 +0000 2009,27,15/02/2020,19/12/2019,651,11611,3287,12,0.210181268,8.384368521,journo,85656.93467,
Tom Harwood,tomhfh,"Journalist and Commentator | ""TV Star"" - Hello Magazine | Senior Reporter @GuidoFawkes | Words also in the @Telegraph & @FMConservatives | Contact on my siteüëá",61697,707,478,62122,Mon Jan 02 23:40:32 +0000 2012,17,15/02/2020,08/02/2020,4449,36304,6332,17,0.763165146,8.910212442,journo,84193.1005,
Peter Foster,pmdfoster,"Europe Editor of the Daily Telegraph. Soon to join Financial Times. Formerly Washington DC, Beijing and New Delhi. Opinions my own.",58523,3189,1330,12347,Tue Mar 10 06:14:07 +0000 2009,55,15/02/2020,03/02/2020,1400,22257,6657,25,0.517984382,19.22990081,journo,82173.74874,
Sunny Hundal,sunny_hundal,"British journalist. Work at @openDemocracy. Write columns too (mostly @Independent, earlier @HTtweets). P/t @Barfi_Culture. Mostly about identity & politics.",80594,1460,2240,18021,Thu Feb 26 15:39:06 +0000 2009,37,15/02/2020,09/02/2020,372,824,210,12,0.017445467,0.845511935,journo,81340.0804,
Adam Fleming,adamfleming,BBC Brussels Correspondent. A fifth of #Brexitcast (and sometimes #Electioncast). Ex Newsround & Daily Politics. Not the BBC's views.,74447,1604,1280,2480,Wed Jul 16 13:20:31 +0000 2008,50,15/02/2020,09/01/2020,1285,7535,1874,12,0.143645815,5.12932364,journo,81104.8794,
Mark Austin,markaustintv,Sky News London or wherever. Chelsea FC whenever. The Newshour with Mark Austin 5-6pm weeknights @skynews. And Thank For Watching @atlanticbooks,75184,4153,637,221,Tue Nov 17 17:31:04 +0000 2009,38,15/02/2020,05/12/2019,941,13685,1625,3,0.216149713,8.330802965,journo,80957.24121,
Daniel Sandford,BBCDanielS,"I am Home Affairs Correspondent for BBC News. Police, prisons, law, crime and terrorism. Before that Moscow Correspondent so still tweet about Russia/Ukraine.",77112,7027,2238,4,Fri Jul 08 14:32:54 +0000 2011,25,13/02/2020,05/12/2019,348,1636,793,0,0.036012553,2.388107635,journo,79929.34171,
Theo Usherwood,theousherwood,Political Editor of @LBC,66211,3411,598,283,Mon Jan 17 21:51:38 +0000 2011,49,13/02/2020,19/12/2019,2281,7714,3555,5,0.204648774,3.759009352,journo,78841.07538,
AndrewSparrow,AndrewSparrow,"I write the Guardian's Politics Live blog - news from Westminster as it happens, with analysis, all the best quotes and key links to relevant blogs/sources",75946,1268,1978,111,Fri Aug 08 14:36:29 +0000 2008,75,14/02/2020,13/12/2019,459,1111,610,0,0.028704606,1.404288471,journo,78113.18593,
steve richards,steverichards14,"Steve Richards is a writer and broadcaster. He presents an ever changing one man show, Rock N Roll Politics. His latest book is The Prime Ministers.",50800,1324,989,5241,Fri Jun 25 12:20:13 +0000 2010,69,14/02/2020,23/11/2019,1802,18925,7265,4,0.551023622,6.033408984,journo,76610.82915,
Paul Lewis,PaulLewis,"Head of Investigations at the Guardian. Previously Associate Editor, San Francisco Bureau Chief and Washington Correspondent.",65853,982,2268,2072,Mon Mar 30 16:39:17 +0000 2009,33,14/02/2020,07/05/2019,505,8135,2927,0,0.175648794,5.334019995,journo,76251.9397,
Sian Williams,sianwilliams100,"Presenter ITV, ITN, C5. Writer.
2nd year Psych Doctoral student, 
Chair of @CostaBookAwards. 
Queries to @KnightAyton   https://t.co/Sgl5k1srMV",73862,1492,692,569,Tue May 18 08:49:54 +0000 2010,22,04/02/2020,16/06/2019,878,10129,630,3,0.157550567,8.136330501,journo,76100.24121,
Rachel Johnson,RachelSJohnson,"Blonde Show Pony.  Agents: Georgia Garrett RCW (books); Cathy King, 42 Management (TV, film). Insta @racheljohnsonpublic",58090,867,403,2612,Wed Mar 25 17:03:30 +0000 2009,42,13/02/2020,18/07/2019,2254,26682,5051,0,0.585074884,5.308923257,journo,76035.01005,
Peter Hunt,_PeterHunt,"NHS Board level director, broadcaster and commentator on constitutional and royal issues.Ex-BBC diplomatic and royal correspondent and presenter. https://t.co/tyzNUf39wY",59895,3208,927,20,Thu Jan 27 13:34:51 +0000 2011,20,08/02/2020,31/10/2019,2119,19358,4423,0,0.432423408,7.74188976,journo,75608.87437,
Marie Le Conte,youngvulgarian,"political journalist, hard-working dilettante / Haven't You Heard? Gossip, Power & How Politics Really Works out now / marie.s.leconte@gmail.com",71486,3626,959,256446,Sat Mar 19 14:21:55 +0000 2011,35,15/02/2020,09/02/2020,836,11538,687,29,0.182707103,10.46500727,journo,73926.74874,
Chris Ship,chrisshipitv,ITV NEWS Royal Editor. Tweeting the newsworthy (and the occasional non-newsworthy) from the British Royal households https://t.co/ftz4mbMfej,64568,1439,1198,629,Wed Dec 09 20:08:47 +0000 2009,66,15/02/2020,03/02/2020,2564,21090,2337,7,0.40253686,11.34319098,journo,72870.80905,
Kate Andrews,KateAndrs,"Economics Correspondent, @Spectator",56009,1007,449,13497,Sun Sep 11 11:52:02 +0000 2011,22,13/02/2020,14/12/2019,3421,28289,4419,0,0.645057044,6.938554163,journo,71708.66332,
Lindsey Hilsum,lindseyhilsum,"Lindsey Hilsum is Channel 4 News International Editor, and author of In Extremis; the Life of War Correspondent Marie Colvin.",58317,2375,1779,3261,Fri Apr 23 14:20:41 +0000 2010,24,14/02/2020,29/11/2019,620,12835,3653,12,0.293362141,10.78612739,journo,71295.24623,
Iain Macwhirter,iainmacwhirter,"Columnist for Herald.  Ex BBC TV/ radio presenter.  Author: ""Disunited Kingdom"" -""Still best book on the independence vote"". Former Rector Edinburgh University.",55834,1294,539,7224,Fri Sep 24 12:36:24 +0000 2010,17,15/02/2020,12/01/2020,2013,11504,4237,3,0.317978293,3.392682873,journo,70887.0603,
Shelagh Fogarty,ShelaghFogarty,"Stormzy‚Äôs G. Broadcaster @LBC 1-4pm weekdays, https://t.co/XlNWWpA9TE Contact https://t.co/QQmxnWxiDa",67972,5340,578,15679,Fri Dec 11 09:15:09 +0000 2009,26,15/02/2020,02/02/2020,678,4837,262,0,0.084990879,3.26321218,journo,68902.82412,
James Ball,jamesrbuk,"Global Editor @TBIJ. Columnist @TheNewEuropean. Other stuff. Personal account. 
BOOKS: ""Post-Truth, ‚ÄúBluffocracy‚Äù, others. Next book: THE SYSTEM ‚Äì out May 2020.",66361,4579,2145,106631,Sun May 17 18:56:58 +0000 2009,37,15/02/2020,12/02/2020,265,1721,569,30,0.03850153,2.207131673,journo,68382.52261,
James Chapman,jameschappers,PR adviser at J&H Comms. Ex head of comms at HM Treasury. Unhappy spell as chief of staff at DeXEU. Former journalist.,55213,8986,945,10526,Sun Jul 05 10:51:38 +0000 2009,70,03/02/2020,04/05/2019,1213,12364,3691,0,0.312752431,9.567708297,journo,68326.25126,
Neal Mann,fieldproducer,"I help brands change, Global Head of Transformation @anomaly - a mix of the interesting, music & surfing. Editor @theprojectzine.",64039,3840,3105,4875,Fri Mar 06 11:55:53 +0000 2009,29,13/02/2020,17/05/2019,350,4027,765,0,0.08029482,1.470015306,journo,66756.86432,
Peston,itvpeston,#Peston Watch live every Wednesday 8pm on Twitter and 10.45pm @ITV. RTs ‚â† agreement. Tweets may be used on air. https://t.co/u4BYxXFfJq,57769,608,490,878,Tue Mar 15 22:08:48 +0000 2016,45,12/02/2020,18/12/2019,4042,6830,2443,14,0.230486939,2.002853932,journo,66448.40201,
Danny Blanchflower,D_Blanchflower,"Dartmouth, Bloomberg, ex MPC & Stirling & author of ""Not working: where have all the good jobs gone?"" https://t.co/jyFctOB83v‚Ä¶",62678,3205,1329,37464,Fri Apr 27 14:49:36 +0000 2012,33,15/02/2020,04/02/2020,182,1113,210,0,0.024011615,1.759309172,journo,63424.0804,
Ayesha Hazarika,ayeshahazarika,"Editor of the Londoner Diary, Evening Standard. Columnist. Broadcaster. Author. Stand up. After dinner speaker. Feminist. Former Labour adviser. Busy.",57629,1204,403,51708,Wed Apr 13 09:42:24 +0000 2011,62,15/02/2020,06/02/2020,1362,12931,1485,56,0.273785768,5.270244363,journo,62904.85427,
Matthew d'Ancona,MatthewdAncona,Editor and Partner at @tortoise,51655,1451,792,9518,Tue Jul 19 12:39:38 +0000 2011,68,15/02/2020,15/01/2020,1721,20509,3140,0,0.491143161,6.99441876,journo,62810.67839,
Allegra Stratton,ITVAllegra,"National Editor, ITV News & Screeny  @pestononsunday. Previous happy incarnations: political editor Newsnight, Woman's Hour and pol corr The Guardian.",56408,3741,1043,79,Tue Feb 14 15:05:34 +0000 2012,73,27/01/2020,17/10/2016,695,4097,1712,0,0.115302794,3.886948122,journo,62490.33166,
Samira Ahmed,SamiraAhmedUK,"How I Found My Voice podcast,BBC Front Row&Newswatch.Freelance Journo,Visiting Prof Kingston U.Spiritual Berliner,ex-LosAngeleno,movie connoisseur,Westerns/SF",55648,8014,1003,4298,Fri Feb 12 17:21:19 +0000 2010,24,14/02/2020,14/01/2020,645,11845,1780,0,0.256433295,9.701336525,journo,61971.9196,
Sathnam Sanghera,Sathnam,"Author of #TheBoyWithTheTopknot & Marriage Material. Writer for @thetimes, presenter #Massacre1919 @channel4, formerly @ft, Wulfrunian, FRSL",57585,1986,628,56665,Thu Nov 27 19:55:22 +0000 2008,28,15/02/2020,24/01/2020,903,12779,1207,0,0.258556916,5.808439796,journo,61873.18593,
MichaelWhite,michaelwhite,Elderly Hack and Sage,56334,307,1255,100,Wed May 07 12:40:55 +0000 2008,47,15/02/2020,09/02/2020,615,4831,1377,7,0.12111691,2.390995707,journo,61226.15578,
Mark Kleinman,MarkKleinmanSky,"City editor of Sky News, City AM columnist and Charlton Athletic fan. London Press Club Business Journalist of the Year 2011 and 2015.",54738,1119,1098,8,Sun Sep 13 19:22:27 +0000 2009,41,15/02/2020,12/10/2019,330,1280,1248,0,0.052212357,1.663722816,journo,59171.84925,
Matt Frei,mattfrei,Now Channel 4 Presenter and Europe Editor. Author of Italy the Unfinished Revolution and Only in America. Still husband of 1 and father of 4.,52657,1166,1187,4146,Wed Nov 18 17:44:37 +0000 2009,33,08/02/2020,26/05/2019,759,6475,1716,12,0.169967906,5.225752344,journo,58753.54271,
James Delingpole QC,JamesDelingpole,Still right about everything https://t.co/oZW99AiHTr,53792,1975,1085,22093,Sun Aug 10 14:04:20 +0000 2008,27,15/02/2020,06/02/2020,1269,7394,1191,0,0.183187091,3.872153596,journo,58023.34171,
Janine Gibson,janinegibson,"Assistant editor, FT ‚Ä¢ sinkhole tracker ‚Ä¢ everyone needs an editor",52318,2448,1600,36329,Mon Nov 20 05:40:16 +0000 2006,37,14/02/2020,18/01/2020,731,6597,1421,28,0.16722734,4.302912075,journo,57366.47739,
Josh Halliday,JoshHalliday,"North of England correspondent, @guardian. @LUFC, @leedsrhinos fan from Bradford. Volunteer mentor @SocialMobilityFüí• Email: josh.halliday@theguardian.comüí•",55197,7803,1252,3907,Wed Dec 10 20:39:38 +0000 2008,25,15/02/2020,12/12/2019,429,1832,508,0,0.05016577,2.449862841,journo,57001.80402,
Paul Blanchard,paulwrblanchard,"Media consigliere for global leaders. Founder @right_angles, book @fastpr_book, podcast @mediamasters_fm, write @entrepreneur @forbes @cityam, member @wef. ENTJ",55900,1207,217,49075,Mon Jul 13 12:55:13 +0000 2009,17,15/02/2020,31/01/2020,143,741,204,3,0.019463327,1.149916248,journo,56624.76382,
Owen Gibson,owen_g,Guardian deputy editor. Former sports and media hack.,53602,7102,1567,8909,Mon Dec 17 17:22:52 +0000 2007,24,15/02/2020,07/01/2020,278,2534,707,6,0.065650535,3.376399899,journo,56113.80402,
The Secret Barrister,BarristerSecret,"Wears a black cape and fights crime. Not Batman. ‚Ä¢ Author of award-winning No.1 bestseller The Secret Barrister. New book, #FakeLaw, available now to pre-order.",306817,998,1093,53597,Mon May 25 14:21:29 +0000 2015,22,15/02/2020,03/02/2020,3574,112745,34056,0,0.490112999,18.21692179,other,427809.9246,
Jo Maugham QC,JolyonMaugham,"Director @GoodLawProject. Blogs https://t.co/KiSIv7FdF1. Represented by Antony Topping.

Perform your values.",178548,1750,1613,55958,Mon Nov 07 08:23:01 +0000 2011,48,31/01/2020,20/12/2019,32849,70884,15172,0,0.665955373,5.665313899,other,232450.5327,
Adam Wagner,AdamWagner1,Human rights barrister @DoughtyStreet. Founder/Chair @EachOtherUK. Visiting Law Prof @GoldsmithsUoL. Presenter @bhumanpodcast. Views my own not of any orgs,57465,3765,1009,23718,Wed Mar 17 21:14:06 +0000 2010,18,14/02/2020,11/02/2020,573,5087,1833,0,0.130392413,5.831812331,other,63977.21608,
WikiLeaks,wikileaks,"Securely submit leaks: https://t.co/676V6mG02v
PGP: A04C 5E09 ED02 B328 03EB 6116 93ED 732E
Shop: @WikiLeaksShop
Defend: https://t.co/vjSZXJDoI2",5503537,7628,55392,1089,Sat Oct 04 06:41:05 +0000 2008,24,15/02/2020,19/12/2019,651,11611,3287,1,0.002825274,8.384368521,news,5515214.935,
Guardian news,guardiannews,The need for independent journalism has never been greater. Become a Guardian supporter: https://t.co/KXycIPGfHd,3023625,1257,32571,12,Thu Feb 22 12:32:47 +0000 2007,38,15/02/2020,13/02/2020,649,3755,1986,4,0.002113357,6.304432622,news,3030680.789,
Channel 4 News,Channel4News,"Stories that reveal and inspire, challenging expectations. 

Weekdays 7-8pm on Channel 4.",2268055,4531,0,518,Mon Apr 28 14:29:37 +0000 2008,56,15/02/2020,31/01/2020,4479,16931,8809,0,0.013323751,4.889384744,news,2299351.296,
ITV News,itvnews,"Breaking news and the biggest stories from the UK and around the world. Bulletins weekdays at 1:30pm, 6:30pm and 10pm on ITV. Email yourstory@itv.com",2216462,1475,7803,529,Wed Feb 25 13:51:23 +0000 2009,38,15/02/2020,08/02/2020,3251,15497,5624,26,0.010995902,6.414188527,news,2236442.744,
BBC Newsnight,BBCNewsnight,"Welcome! Find us weekdays 22:30 on BBC Two with @maitlis, @KirstyWark & @Emmabarnett or anytime at https://t.co/lvXNv9BZub and YouTube https://t.co/E5qVboMf8f",627530,2726,6250,2024,Tue Feb 10 20:37:57 +0000 2009,64,15/02/2020,30/01/2020,8154,18269,7717,0,0.054403774,3.540443096,news,654946.6784,
BBC Radio 4,BBCRadio4,"The home of speech, journalism, comedy and drama. Discover our podcasts on the free @bbcsounds app: https://t.co/i9dFTEdNvh",496203,8134,4528,15613,Thu Mar 12 12:17:39 +0000 2009,25,15/02/2020,31/01/2020,1082,11450,4631,0,0.034588666,8.334022268,news,512655.8492,
Channel 4 Dispatches,C4Dispatches,"Official account for @Channel4 award-winning current affairs series. Catchup on @All4 - also follow @Channel4News and @UnreportedWorld on Twitter, FB and YT",66585,7909,659,260,Tue Sep 29 12:51:14 +0000 2009,17,15/02/2020,29/07/2019,7116,126424,94928,0,3.431223248,17.7311051,news,403841.7638,
Full Fact,FullFact,The UK's independent factchecking charity. 1) Subscribe to our newsletter https://t.co/au2hoSTz50  2) Donate https://t.co/tvpajiuR78  3) How we're funded https://t.co/lyJkgcYb2v,138981,1385,1784,1325,Thu Oct 08 14:38:41 +0000 2009,32,15/02/2020,29/11/2019,2248,46976,33653,0,0.596318921,15.49135596,news,258542.1608,
Guardian politics,GdnPolitics,News and opinion on UK politics from the Guardian,249722,2368,5682,167,Tue Jun 16 14:27:54 +0000 2009,58,15/02/2020,26/01/2020,723,1909,1262,0,0.01559334,2.400387573,news,254205.5879,
HuffPost UK,HuffPostUK,Know what's real.,207955,2181,3583,978,Thu Mar 24 13:20:16 +0000 2011,29,15/02/2020,11/02/2020,105,503,260,0,0.00417398,0.724836303,news,208878.7186,
New Statesman,NewStatesman,"Politics, geopolitics, books, culture, ideas, technology and more. https://t.co/XGvbSj3FFq",179841,708,4725,1607,Mon Feb 02 13:37:55 +0000 2009,41,15/02/2020,10/02/2020,174,824,522,0,0.00845191,1.646542235,news,181695.5427,
The Spectator,spectator,"Politics, culture and more; weekly since 1828, and a bit more often here. Try a month free ‚Äì https://t.co/JF8cWIgqu0",159712,500,2865,314,Fri Oct 10 14:26:35 +0000 2008,53,14/02/2020,03/02/2020,1871,3964,1239,58,0.044292226,3.513180885,news,164113.8744,
C4 News FactCheck,FactCheck,Testing the claims of people in power. For more news follow @Channel4News,95550,888,1677,134,Tue Jun 17 08:26:56 +0000 2008,37,10/02/2020,13/11/2019,2180,21592,15178,0,0.407639979,9.089353112,news,149473.8492,
PoliticsHome,politicshome,All today's politics in one place.,108949,1397,2254,99,Thu Oct 02 13:25:29 +0000 2008,72,15/02/2020,11/02/2020,580,1526,736,17,0.0260856,1.439171215,news,111563.8342,
Left Foot Forward,LeftFootFwd,Hard-hitting news & comment for the UK left. Editors: @josiahmortimer and @joeloyo. Sign up for our weekday briefing https://t.co/e7SdXYkitc,63736,1926,1503,904,Thu Jul 09 12:15:25 +0000 2009,41,15/02/2020,20/01/2020,92,753,680,0,0.023926823,1.173701843,news,66151.8794,
Telegraph Politics,TelePolitics,The inside track from Westminster with the @Telegraph's lobby team. Sign up for our newsletters - Front Bench and Brexit Briefing https://t.co/qO2NDhGY7u,56640,1283,1772,49,Thu Jan 29 13:03:42 +0000 2009,59,15/02/2020,22/01/2020,1511,3348,1346,0,0.109551554,4.003727978,news,61422.0201,
HuffPost UK Politics,HuffPostUKPol,"Politics from HuffPost UK with @nedsimons, @paulwaugh, @singharj, @REWearmouth & @JasminGray2",54169,1148,1070,117,Thu Jun 16 15:55:57 +0000 2011,35,14/02/2020,26/01/2020,202,718,642,0,0.028835681,1.03589176,news,56449.87437,
Ipsos MORI,IpsosMORI,Ipsos MORI is a leading market research company in the UK and Ireland. Follow us for latest #MRX and #NewMR news and updates.,50416,2176,0,1319,Mon Mar 09 16:37:18 +0000 2009,35,14/02/2020,25/10/2019,152,1057,981,0,0.043438591,1.309109944,news,53901.26131,
Conservatives,Conservatives,üëç Get Brexit Done. üá¨üáß Unleash Britain's Potential. üå≥ Join the Conservatives today!,479800,1742,4558,1250,Wed Apr 02 09:37:50 +0000 2008,60,15/02/2020,13/12/2019,24775,189473,38152,0,0.526052522,29.11539665,pol,615345.0452,
The SNP,theSNP,Scotland's largest political party and party of Government. Centre left and social democratic.,263880,1713,2032,1248,Sun Sep 27 20:19:48 +0000 2009,28,14/02/2020,23/01/2020,6106,65966,24162,0,0.364688495,14.9441497,pol,349721.8794,
UKIP,UKIP,UKIP is the only party that puts the interests of the British people first. Join us today and help shape Brexit Britain üá¨üáß,214533,3672,1745,3133,Fri Aug 19 15:06:55 +0000 2011,32,13/02/2020,26/10/2019,2230,14217,5084,0,0.100362182,7.765590638,pol,232595.2513,
Lib Dem Press Office,LibDemPress,"'The Most Entertaining Thing In British Politics'- https://t.co/rAqoej7hcx  Because the next election will clearly be won on twitter.
https://t.co/lAm68p60Ot",56015,1099,983,1017,Thu Jul 30 08:18:33 +0000 2009,54,10/02/2020,06/11/2019,5270,46564,24654,0,1.365491386,19.3784063,pol,143604.8392,
LabourList,LabourList,The inside track on all Labour news and an open platform for debate. Editor: @siennamarla,67442,2546,1317,245,Sun Jan 11 18:06:10 +0000 2009,58,15/02/2020,31/01/2020,1152,4276,2204,0,0.113163904,4.890644984,pol,75272.29146,
Jeremy Corbyn,jeremycorbyn,Leader of the Labour Party.,2368234,2736,7922,315,Fri Feb 26 15:45:23 +0000 2010,64,15/02/2020,09/12/2019,281027,4723353,1121750,155,2.586792521,25.53675786,pol,6353546.814,
Nicola Sturgeon,NicolaSturgeon,"First Minister of Scotland, @theSNP Leader and MSP for Glasgow Southside. Loves üìö",1048191,4736,3922,1809,Tue Jun 29 15:25:42 +0000 2010,53,12/02/2020,02/12/2019,52651,830826,152687,0,0.988525946,22.01266852,pol,1590651.849,
David Lammy,DavidLammy,"MP for Tottenham. Former Minister (Higher Education, Culture, Justice, Health). Spurs fan #COYS. Order a signed copy of my new book, Tribes: https://t.co/W7cwogcfiw",598947,4640,3030,11152,Wed Dec 10 14:53:54 +0000 2008,55,14/02/2020,13/12/2019,104884,764291,193469,0,1.774187032,9.679620207,pol,1286296.663,
Sadiq Khan,SadiqKhan,Mayor of London. Fighting for Britain to stay in the EU. #TeamKhan #StandingUpForLondon,1066913,9302,3976,4893,Fri Jan 23 15:21:58 +0000 2009,58,15/02/2020,26/12/2019,25054,114396,26033,0,0.155104493,5.907653702,pol,1159402.101,
John McDonnell MP,johnmcdonnellMP,Labour MP for Hayes and Harlington and Shadow Chancellor. Join the Labour Party here: https://t.co/vbWxb5FqMM,263320,6169,2036,21,Fri Sep 25 15:12:27 +0000 2009,59,15/02/2020,03/12/2019,37246,417415,155211,0,2.31608689,17.93226518,pol,814748.0251,
Caroline Lucas,CarolineLucas,"Green MP for Brighton Pavilion, former leader and co-leader of @TheGreenParty, Mum",450302,5964,4847,406,Thu Oct 08 08:46:30 +0000 2009,47,15/02/2020,19/12/2019,24371,250113,93963,0,0.818221993,19.56106396,pol,784130.3467,
Yvette Cooper,YvetteCooperMP,"Labour MP for Normanton, Pontefract, Castleford & Knottingley. For constituency casework pls contact coopery@parliament.uk",271789,773,1960,47,Sun Jul 03 18:59:51 +0000 2011,63,15/02/2020,02/07/2019,58944,411276,104952,0,2.116244587,13.44758203,pol,644658.6683,
Diane Abbott MP,HackneyAbbott,Member of Parliament for Hackney North and Stoke Newington. Shadow Home Secretary. Retweeting does not mean agreement.,309474,861,2809,10519,Wed Jun 09 14:34:32 +0000 2010,56,15/02/2020,11/12/2019,36197,330735,71428,0,1.416467942,10.21670056,pol,563240.8141,
John Prescott,johnprescott,UK Deputy Prime Minister 1997-2007 and former Deputy Leader of the Labour Party.,267930,877,3377,307,Thu Jan 22 11:53:45 +0000 2009,59,24/06/2019,21/08/2017,13162,206905,77257,0,1.109707759,17.16602971,pol,542405.8744,
Jo Swinson,joswinson,Scottish. British. European. Runner. Feminist. Author of Equal Power.,175922,2903,1722,9775,Wed May 28 13:03:42 +0000 2008,51,24/01/2020,31/10/2019,101530,377530,103018,61,3.308727732,7.092788224,pol,541920.6231,
Keir Starmer,Keir_Starmer,Labour MP for Holborn and St Pancras. Shadow Secretary of State for Brexit. Former Director of Public Prosecutions (2008-13).,313815,380,1611,90,Thu Apr 03 12:37:30 +0000 2014,58,15/02/2020,15/01/2020,19786,283952,53901,0,1.139649156,24.45281232,pol,505312.5226,
Chuka Umunna,ChukaUmunna,,390375,2227,2971,77,Sun Apr 19 20:14:28 +0000 2009,71,13/02/2020,27/11/2019,9825,60202,23983,0,0.240819725,7.320513442,pol,475580.9347,
Jess Phillips MP,jessphillips,"Labour MP for Birmingham Yardley 
https://t.co/b0pxpIsPJc",357300,2839,1808,43118,Tue Feb 03 20:24:44 +0000 2009,65,15/02/2020,18/01/2020,15909,186973,24430,74,0.636193675,19.55814593,pol,444094.0201,
Laura Pidcock,LauraPidcock,,87996,2753,494,4072,Sun Feb 13 22:45:04 +0000 2011,24,13/02/2020,02/12/2019,18288,211334,93085,0,3.667291695,25.15381151,pol,418705.0201,
Richard Tice,TiceRichard,Businessman | MEP | Patient Liverpool fan | Chair @brexitparty_uk üá¨üáß,63384,488,370,1378,Wed May 29 08:45:16 +0000 2013,24,09/02/2020,28/10/2019,30646,315227,95750,0,6.9674208,15.43547726,pol,403561.1357,
Ian Lavery MP,IanLaveryMP,Chair of the Labour Party. Proud to be re-elected for the fourth time as the Labour MP for Wansbeck.,65303,5842,667,1557,Wed May 18 14:09:04 +0000 2011,34,15/02/2020,02/11/2019,17978,227177,91039,0,5.148216774,19.29610133,pol,388743.0653,
John Redwood,johnredwood,,73952,435,849,214,Tue Dec 01 15:27:11 +0000 2009,47,15/02/2020,25/09/2019,22766,304835,84004,1,5.565840004,17.09069388,pol,372398.3719,
Sayeeda Warsi,SayeedaWarsi,Member @UKHouseofLords ProVC @BoltonUni Prof @YourStMarys Conservative Chairman 2010-12 Foreign Minister 2012-14 Author-The Enemy Within https://t.co/zQARcmGXMA,158159,1792,957,6221,Mon Jan 31 21:33:08 +0000 2011,55,15/02/2020,04/11/2019,11152,146117,55897,0,1.347795573,15.76834414,pol,356747.8392,
Michael Gove,michaelgove,MP for Surrey Heath. Chancellor of the Duchy of Lancaster @CabinetOfficeUK,145770,2036,1283,93,Thu Jun 30 09:49:57 +0000 2016,59,12/02/2020,15/09/2019,91231,187141,46246,34,2.226919119,4.419722993,pol,310071.1156,
Anna Soubry,Anna_Soubry,"Former MP, Govt Minister, Criminal barrister, TV presenter and reporter. Media enquiries to jon@jonholmesmedia.com",199553,662,1555,11812,Wed Jun 29 14:26:42 +0000 2011,57,13/02/2020,24/11/2019,31845,126940,27786,0,0.934944601,5.049712694,pol,298270.0955,
Vince Cable,vincecable,"Former MP for Twickenham; Leader of @LibDems 2017-19; Secretary of State for Business, Innovation and Skills 2010-15",176309,3883,2350,1209,Wed Jul 15 12:15:53 +0000 2009,60,15/02/2020,06/06/2019,8810,121408,33798,13,0.930275823,19.88172879,pol,296385.3116,
Michael Heaver MEP,Michael_Heaver,Brexit Party MEP for East of England.,57603,2031,509,2681,Wed Mar 04 17:10:13 +0000 2009,28,15/02/2020,11/11/2019,9113,190538,53925,0,4.402131833,22.72887066,pol,249185.7889,
Rory Stewart,RoryStewartUK,Candidate for Mayor of London. Independent. #RoryWalks. Author of Occupational Hazards,224888,882,1516,2814,Sun Apr 11 19:34:18 +0000 2010,54,15/02/2020,04/02/2020,7226,46192,4628,0,0.258110704,12.89145277,pol,241330.191,
Andy Burnham,AndyBurnhamGM,Labour Mayor of Greater Manchester,222574,1960,1974,6037,Fri May 14 11:06:05 +0000 2010,56,15/02/2020,24/12/2019,2958,35468,4554,0,0.193104316,7.292930527,pol,238753.2864,
Emily Thornberry,EmilyThornberry,"Labour MP for Islington South and Finsbury.
Shadow 1st Sec. Shadow Foreign & Commonwealth Sec. Running for Leader of the Labour Party",193816,1363,1481,3988,Thu Jul 08 10:25:33 +0000 2010,51,15/02/2020,11/12/2019,25675,72334,11268,0,0.563818261,6.13547985,pol,233848.5427,
Joanna Cherry QC,joannaccherry,"SNP MP for Edinburgh South West, Queen's Counsel and Feminist.",87093,2281,826,35020,Wed Jun 04 22:37:08 +0000 2014,23,15/02/2020,16/01/2020,8841,116156,39466,14,1.888360718,19.25201744,pol,227306.3769,
Angela Rayner üåà,AngelaRayner,"Proud Labour MP for Ashton, Droylsden and Failsworth. I am standing to be the next Deputy Leader of the UK Labour Party. Email: angela.rayner.mp@parliament.uk",180595,4505,1011,21922,Sat Dec 04 09:51:49 +0000 2010,49,15/02/2020,29/01/2020,3351,54247,10571,0,0.377468922,20.82379526,pol,218151.2663,
Hilary Benn,hilarybennmp,Labour MP for Leeds Central,152304,307,1350,8,Wed Nov 09 12:58:34 +0000 2011,48,12/02/2020,07/11/2019,5270,62193,16353,11,0.550320412,10.54379387,pol,210402.3467,
Lisa Nandy,lisanandy,Labour MP for Wigan,114089,3067,1097,4180,Sat Dec 05 02:17:45 +0000 2009,52,15/02/2020,15/01/2020,27689,148471,26643,128,1.77758592,11.67869997,pol,208745.2864,
James Cleverly,JamesCleverly,MP for the Braintree Constituency. Chairman of the @Conservatives,73125,7588,1062,7686,Tue Mar 04 11:07:28 +0000 2008,49,14/02/2020,06/12/2019,35166,175094,34631,0,3.348936752,12.74050092,pol,196160.7638,
Clive Lewis MP,labourlewis,Labour MP for Norwich South. Shadow Treasury Minister for Sustainable Economics. Contact: casework@clivelewis.org Tweets sometimes from staff,94935,5889,958,22989,Fri May 01 11:26:42 +0000 2009,49,13/02/2020,05/12/2019,9854,95467,25551,17,1.378543214,13.03735571,pol,185711.6683,
Amber Rudd,AmberRuddUK,"Former UK Home Secretary, Equalities Minister, Secretary of State for Work & Pensions, and Energy & Climate Change. MP for Hastings and Rye 2010-2019.",114978,2603,1171,368,Fri Jan 27 14:59:09 +0000 2012,59,15/02/2020,14/08/2019,33849,98104,19726,0,1.319200195,6.618404176,pol,185059.8191,
Matt Hancock,MattHancock,Secretary of State for Health & Social Care and MP for West Suffolk,105922,1254,1573,2320,Sat Jan 31 18:44:16 +0000 2009,60,15/02/2020,09/12/2019,45061,79288,18077,0,1.344630955,2.9185892,pol,170145.3116,
Caroline Flint,CarolineFlint,01302 770830 caroline@flint4donvalley.com,84656,1407,1192,940,Wed Dec 15 18:17:56 +0000 2010,49,15/02/2020,08/10/2019,36855,122684,23465,0,2.161736912,6.382238588,pol,168021.603,
Heidi Allen,heidiallen75,Former MP for South Cambridgeshire heidi@heidiallen.co.uk,87734,837,0,5555,Thu Dec 01 21:21:56 +0000 2011,43,31/01/2020,17/10/2019,13517,103803,20973,2,1.576276016,10.83387182,pol,162246.1156,
Luciana Berger,lucianaberger,former MP for Liverpool Wavertree | #mentalhealth | insta: lucianaberger | luciana@lucianaberger.uk,125025,7631,1581,12216,Mon Feb 16 15:17:22 +0000 2009,62,14/02/2020,04/12/2019,3288,48029,10304,25,0.492869426,10.23068251,pol,161632.6784,
stellacreasy,stellacreasy,Labour & Co-op MP for Walthamstow. Sitting on the sidelines is for Waldorf and Statler...If you like what I do please donate to keep me doing it!,137745,8779,1966,9,Thu Jul 24 12:32:28 +0000 2008,64,13/02/2020,12/12/2019,2064,35348,3996,16,0.300613452,13.29812724,pol,151941.8442,
Jonathan Ashworth,JonAshworth,Labour MP for Leicester South | shadow Health & Social Care Secretary | Marathon Runner üèÉüèª‚Äç‚ôÇÔ∏è,71166,2125,924,3076,Wed May 12 22:16:37 +0000 2010,52,15/02/2020,06/12/2019,4552,46787,22653,0,1.039709974,6.557662183,pol,151646.7588,
Tulip Siddiq,TulipSiddiq,Labour MP for my home seat of Hampstead and Kilburn. Casework/Questions? Email: tulip@tulipsiddiq.com,134779,1427,614,9607,Thu Feb 11 23:22:01 +0000 2010,32,15/02/2020,13/11/2019,1297,25509,4559,0,0.232714295,11.65985341,pol,150976.0503,
(((Dawn Butler))),DawnButlerBrent,MP for Brent Central  | Standing to be labours Deputy Leader | UK's first elected female African-Caribbean Government Minister. dawn.butler.mp@parliament.uk,81911,4722,732,8603,Mon Feb 15 16:59:03 +0000 2010,25,15/02/2020,26/01/2020,5379,69480,19152,0,1.147721307,16.65639965,pol,149953.5327,
Zac Goldsmith,ZacGoldsmith,"Minister for int‚Äôl environment, climate & forests ... and UK animal welfare  @dfid_uk & @DefraGovUk - in the Lords    zac@zacgoldsmith.com",87746,1182,1209,43,Fri Feb 27 16:50:51 +0000 2009,57,15/02/2020,26/11/2019,7337,76924,16999,0,1.154012719,14.05353054,pol,148139.4322,
Andrea Leadsom MP,andrealeadsom,"Member of Parliament for South Northamptonshire & Secretary of State for Business, Energy and Industrial Strategy",118114,1143,1321,1510,Wed May 06 21:28:42 +0000 2009,60,14/02/2020,12/12/2019,6106,56398,7466,8,0.592393789,19.44660411,pol,144638.9347,
Justine Greening,JustineGreening,"Founder, https://t.co/nQ9zK44JCS. ABBA fan. Former MP for Putney, Roehampton & Southfields.",74107,652,1305,845,Wed Nov 07 16:38:21 +0000 2012,45,13/02/2020,01/12/2018,7623,71515,16347,0,1.288474773,11.57174093,pol,132184.0302,
Chris Leslie,ChrisLeslieUK,"Formerly MP for Nottingham East (2010-2019) and Shipley (1997-2005), Minister and Shadow Chancellor. Was Director at New Local Government Network 2005-2010.",51334,843,770,363,Sun Aug 14 14:23:27 +0000 2011,50,19/12/2019,25/07/2019,15389,73985,22060,0,2.170764016,8.713572981,pol,129707.9698,
Seb Dance MEP üåπüá™üá∫,SebDance,Labour/ @Coopparty MEP for London. Dep Leader @LabMEPs. Vice-Chair @ep_environment. Patron @LGBTLabour. VP @LabourCID. @theprogressives He/ Him üá™üá∫üè≥Ô∏è‚ÄçüåàüáÆüá™,64341,5681,746,15120,Sun Jun 07 15:44:59 +0000 2009,17,15/02/2020,26/01/2020,3098,100578,18253,0,1.895043596,15.81758376,pol,129189.598,
Tanmanjeet Singh Dhesi MP,TanDhesi,"@UKLabour MP for #Slough.  For casework/queries, please email tan.dhesi.mp@parliament.uk",55721,6558,315,32799,Sun Sep 15 00:15:38 +0000 2013,18,14/02/2020,06/11/2019,2664,66278,20241,0,1.600527629,15.63976863,pol,127632.4925,
Owen Smith,OwenSmith_UK,"Former Shadow Secretary of State for Work and Pensions, Wales and Northern Ireland and former MP for Pontypridd.",76341,1971,891,2855,Mon Oct 10 14:33:49 +0000 2011,50,16/01/2020,12/07/2019,10951,52408,13146,0,1.002148256,6.826552599,pol,123045.6332,
Andrea Jenkyns MP,andreajenkyns,"Proud Mum, Love our countryüá¨üáß & Dog Lover.
MP for #Morley & #Outwood.
For my help please contact me on 0113 345 0380 or email Andrea.jenkyns.mp@parliament.uk",54122,2710,618,3696,Sat Apr 13 22:55:49 +0000 2013,34,14/02/2020,15/11/2019,10894,96428,19372,11,2.340896493,12.27495183,pol,122946.1407,
Johnny Mercer,JohnnyMercerUK,Father of two; husband of 1. Believer in change; Follow if you think #plymouthdeservesbetter Member of Parliament for Plymouth Moor View,75476,1461,599,8401,Thu Dec 17 09:09:35 +0000 2009,40,14/02/2020,12/12/2019,6016,81705,11308,0,1.312059463,11.56082834,pol,115650.6533,
Liz Kendall,leicesterliz,Labour MP for Leicester West. If you‚Äôre a resident and need my help please ring 0116 204 4980 or email liz.kendall.mp@parliament.uk,91094,1627,1230,1113,Sun Jan 17 14:35:50 +0000 2010,63,14/02/2020,16/07/2019,2652,29747,6809,4,0.430412541,8.674844932,pol,115284.7688,
Layla Moran üî∂ üè≥Ô∏è‚Äçüåà,LaylaMoran,Lib Dem MP for Oxford West & Abingdon and Spokesperson for Education. Follow https://t.co/2cV5xx0ce2 Get in touch https://t.co/OJQTXT1swc,54908,4651,610,6509,Mon Mar 09 11:24:04 +0000 2009,22,15/02/2020,11/12/2019,11642,74340,14331,0,1.826928681,11.04771162,pol,105822.6583,
Baroness Morgan of Cotes,NickyMorgan01,One Nation Tory. Conservative Peer. Secretary of State @DCMS,75305,1265,1177,4801,Fri Apr 24 14:36:16 +0000 2009,55,13/02/2020,19/10/2019,12951,25976,6442,0,0.602469956,4.342016057,pol,98191.90452,
Gavin Williamson,GavinWilliamson,Conservative Member of Parliament for South Staffordshire and Education Secretary. For any casework issues please email gavin@gavinwilliamson.org,57737,522,734,249,Mon Sep 05 12:49:41 +0000 2011,44,14/02/2020,07/09/2019,6107,28048,7721,0,0.72528881,9.762887222,pol,85167.88945,
Wes Streeting MP,wesstreeting,Ilford North‚Äôs Labour Member of Parliament. Re-tweets ‚â† endorsements. e:wes@redbridgelabour.org.uk,59821,8990,1027,22468,Sun Feb 08 12:00:46 +0000 2009,54,14/02/2020,14/01/2020,6739,40099,6869,18,0.897795089,12.88049715,pol,84224.93467,
Angela Eagle,angelaeagle,Labour MP for Wallasey. Author ‚ÄòThe New Serfdom - the triumph of conservative ideas and how to defeat them‚Äô,74745,1802,1086,8450,Thu Mar 18 21:02:37 +0000 2010,46,15/02/2020,18/12/2019,2061,7881,2110,0,0.161241555,8.985894883,pol,82241.33166,
Gloria De Piero,GloriaDePiero,,54809,5236,939,2516,Sat Jul 03 19:37:56 +0000 2010,60,15/02/2020,26/09/2019,13251,38597,7696,0,1.086390921,6.23074059,pol,82151.07035,
Annunziata Rees-Mogg,zatzi,Conservative MEP for East Midlands region fighting for Brexit,55751,1219,272,5227,Sun May 10 20:11:35 +0000 2009,34,15/02/2020,14/12/2019,3222,46298,7289,3,1.018977238,9.374648619,pol,81647.09548,
Dan Jarvis,DanJarvisMP,Labour MP for Barnsley Central & @SCR_Mayor.,67805,9913,890,38862,Wed Jan 19 11:36:03 +0000 2011,54,07/02/2020,12/05/2019,1768,16316,3726,0,0.321657695,10.34734899,pol,81042.59799,
Ben Bradshaw,BenPBradshaw,Labour MP for Exeter.,65883,431,1405,1577,Fri Mar 13 17:34:11 +0000 2009,55,15/02/2020,19/12/2019,1137,17274,3735,0,0.336141341,5.023552467,pol,79152.57286,
Chris Bryant,RhonddaBryant,"Labour MP for the Rhondda. If you are a constituent with a casework query, please contact my office on 01443 442521.",60627,1470,1473,888,Mon Feb 16 15:49:07 +0000 2009,62,14/02/2020,29/12/2019,2498,42411,3084,0,0.791610998,4.813742476,pol,71583.72362,
Nicholas Soames,NSoames,,67721,1912,710,5710,Mon Feb 24 21:04:35 +0000 2014,52,15/02/2020,30/10/2019,789,12099,965,0,0.204559885,5.31621779,pol,71149.41709,
Dr Rosena Allin-Khan,DrRosena,Labour MP for #Tooting | Standing to be Labour Deputy Leader: Taking Labour Forward | Born & raised in Tooting | A&E Doctor |,56267,5822,524,6517,Mon Mar 10 14:32:15 +0000 2014,29,15/02/2020,01/02/2020,1656,21391,4019,0,0.481027956,19.32734072,pol,70545.55779,
Tanni Grey-Thompson,Tanni_GT,"Lady GT (no longer a Dame), House of Lords Crossbench Peer, Chair ukactive, DL, Mum, Welsh, Paralympian. Email greythompsont@parliament.uk",64628,10656,885,5549,Fri May 08 11:47:57 +0000 2009,24,14/02/2020,31/01/2020,490,3731,479,0,0.072723897,4.916858524,pol,66329.77387,
Brandon Lewis MP,BrandonLewis,Member of Parliament for Great Yarmouth & Minister of State @UKHomeOffice (Security) IG: https://t.co/JvVDdxUwFa,52373,3561,981,2475,Tue Oct 21 10:53:33 +0000 2008,48,15/02/2020,12/12/2019,4210,10444,2161,0,0.321062379,5.195995956,pol,60050.52261,
Lucy Powell MP,LucyMPowell,"Labour & Co-op MP for Manchester Central | Busy mum | contact@lucypowell.org.uk
https://t.co/0bt3jkWpEd
https://t.co/vQP0nFuLRu",51930,1596,944,20348,Fri Apr 17 15:09:39 +0000 2009,53,15/02/2020,23/12/2019,930,6930,1564,0,0.181475063,6.032119032,pol,57486.52261,
